LABEL,AVG_DAILY_STEP,QUARTILE_1ST_STEP,QUARTILE_2ND_STEP,QUARTILE_3RD_STEP,N_WEEKEND,N_DAY,N_USER,WEEKEND_RATIO
Both Dominant,8659.047878440368,5184.375000000001,7821.5,10744.875,142,872,90,0.1628440366972477
Phone to Both,8490.0216091954,4553.5,7200.0,10982.0,237,725,92,0.32689655172413795
Wearable Dominant,7009.716149068323,3596.5,6233.0,9252.0,256,805,76,0.31801242236024846
Phone Dominant,4908.521337719299,1150.75,3906.5000000000005,6942.5,320,760,79,0.42105263157894735
